<?xml version="1.0" encoding="UTF-8"?>
<flipbookmaker version="4.1.0" IsQuick="false" QuickFile="" ProjectName="C:\Users\LakeM\Documents\kvisoft\FlipBook Maker4\project\SportTekShirts\SportTekShirts.fb" DefaultName="SportTekShirts" Google="" UseMiniMode="false" UsePSW="false" MiniWidth="400" MiniHeight="540" PSW="" StartPage="0" UseFlipSound="true" UseBackSound="false" UseSingleSound="false" BackSoundPath="" IsRight2Left="false" IsFastene="false" IsHardCover="1" IsHardPage="0" IsAnimate="true" IsCenterBook="true" IsLandScape="0" IsOpenBook="1" DragArea="top,middle,bottom" FlipSpeed="0.25" PageThick="0.1" SpineColor="13421772" Curvature="-0.5" PageBackColor="13421772" PageTranColor="0" FoldLine="0.5" ZoomStep="1,3,5" UseReflection="false" RefTransparent="100" RefOffset="0" IsAutoPlay="false" IsRepeat="false" DurationPlay="3" Preloader="bookcase" LoadText="" PowerBy="" NavigationStyle="" ButtonStyle="" ShowCover="true" ShowPreNext="true" ShowPlayStop="true" ShowScreen="true" ShowToc="false" ShowZoom="true" ShowBookmark="false" ShowDownload="true" DownloadUrl="" ShowText="false" ShowSlider="false" ShowShare="true" ShowPrint="true" ShowZoomBar="true" ShowSearch="true" ShowSearchBox="false" ShowMusic="false" ShowThumbnail="false" ShowExit="true" ShowBookCase="false" ButtonScale="0" IntroMovie="" IntroEffect="" Scene="" ShowAbout="false" ShowDraw="false" ShowLang="false" UseGradient="true" Edge="1" EdgeColor="13421772" TemplateGroup="float" TemplateName="glass" ExeTitle="" HtmlTitle="" HtmlKeywords="" HtmlDescription="" HtmlScript="" PageWidth="1236" PageHeight="1600" CoverWidth="1236" CoverHeight="1600" Langs="en" LangHints="English" BookLangs="en,jp,fr,de,ar">
  <book title="Sport Tek Shirts" plugins="navigationbar, keyboardnavigation, links, password, pdflinks, anchors, index, titles, search, gestures, draw, tuio, slideshow,javascript,swfaddress,print,thumbnails,bookmarks,select,musicplayers, toc, share, about, bookcase" pagewidth="1236" pageheight="1600" searchindex="files/search_index/en.txt" stiffskew="1" guipath="files/gui/" asulextension="xml" lang="en,jp,fr,de,ar" langpath="files/langs/" flagpath="files/flags/" pluginpath="files/plugins/" priorities="vid(20); snd(15); area(5); nav(5); txt(5); gal(30)" reflectionalpha="0" sndpath="files/snd/" password="" pwstart="0" zoommaxscale="2" zoomminscale="0.25" zoomsnap="1,3,5" slidestart="false" slidedelay="3" sliderepeat="false" toc="files/data/toc.xml" bookcase="files/data/bookcase.xml" download="" minimode="false" miniwidth="400" miniheight="540" layout="files/data/layout.xml" buttoncfg="files/data/buttoncfg.xml" about="files/data/about.xml" abc="cidg">
    <background>
      <box name="" anchors="0,0,ph,pw"/>
    </background>
    <bookmarks/>
    <chapter pagewidth="1236" pageheight="1600">
      <page stiff="true" stiffskew="1">
        <img width="1236" height="1600" position="center middle" alpha="1" rotation="0" caption="" event="0" mask="" filetype="1" id="" ytparam="autoplay=0&amp;loop=0">
          <action actionid="0" gui="" widthpop="400" heightpop="300" galxml="">
            <wincontents>
              <![CDATA[]]>
            </wincontents>
          </action>
          <effmenter Param1="" Param2=""/>
          <effenter value="" funname="" delay="0" loop="0" rollback="false" loopdelay="0" speed="0" stagger="0"/>
          <effleave value="" funname="" delay="0" loop="0" rollback="false" loopdelay="0" speed="0" stagger="0"/>
          <src lang="en">C:\Users\LakeM\AppData\Local\Temp\flipbook_{14CD5E5B-5066-49D5-B3CB-F62D6E176D07}\files\pages\en\low\SportTekShirts_1_{5E684D04-9274-4425-981D-B3CFDF1FDE5F}_en.swf</src>
        </img>
      </page>
      <page stiff="true" stiffskew="1">
        <img width="1236" height="1600" position="center middle" alpha="1" rotation="0" caption="" event="0" mask="" filetype="1" id="" ytparam="autoplay=0&amp;loop=0">
          <action actionid="0" gui="" widthpop="400" heightpop="300" galxml="">
            <wincontents>
              <![CDATA[]]>
            </wincontents>
          </action>
          <effmenter Param1="" Param2=""/>
          <effenter value="" funname="" delay="0" loop="0" rollback="false" loopdelay="0" speed="0" stagger="0"/>
          <effleave value="" funname="" delay="0" loop="0" rollback="false" loopdelay="0" speed="0" stagger="0"/>
          <src lang="en">C:\Users\LakeM\AppData\Local\Temp\flipbook_{14CD5E5B-5066-49D5-B3CB-F62D6E176D07}\files\pages\en\low\SportTekShirts_2_{5E684D04-9274-4425-981D-B3CFDF1FDE5F}_en.swf</src>
        </img>
      </page>
    </chapter>
    <chapter pagewidth="1236" pageheight="1600">
      <page stiffskew="1">
        <img width="1236" height="1600" position="center middle" alpha="1" rotation="0" caption="" event="0" mask="" filetype="1" id="" ytparam="autoplay=0&amp;loop=0">
          <action actionid="0" gui="" widthpop="400" heightpop="300" galxml="">
            <wincontents>
              <![CDATA[]]>
            </wincontents>
          </action>
          <effmenter Param1="" Param2=""/>
          <effenter value="" funname="" delay="0" loop="0" rollback="false" loopdelay="0" speed="0" stagger="0"/>
          <effleave value="" funname="" delay="0" loop="0" rollback="false" loopdelay="0" speed="0" stagger="0"/>
          <src lang="en">C:\Users\LakeM\AppData\Local\Temp\flipbook_{14CD5E5B-5066-49D5-B3CB-F62D6E176D07}\files\pages\en\low\SportTekShirts_3_{5E684D04-9274-4425-981D-B3CFDF1FDE5F}_en.swf</src>
        </img>
      </page>
      <page stiffskew="1">
        <img width="1236" height="1600" position="center middle" alpha="1" rotation="0" caption="" event="0" mask="" filetype="1" id="" ytparam="autoplay=0&amp;loop=0">
          <action actionid="0" gui="" widthpop="400" heightpop="300" galxml="">
            <wincontents>
              <![CDATA[]]>
            </wincontents>
          </action>
          <effmenter Param1="" Param2=""/>
          <effenter value="" funname="" delay="0" loop="0" rollback="false" loopdelay="0" speed="0" stagger="0"/>
          <effleave value="" funname="" delay="0" loop="0" rollback="false" loopdelay="0" speed="0" stagger="0"/>
          <src lang="en">C:\Users\LakeM\AppData\Local\Temp\flipbook_{14CD5E5B-5066-49D5-B3CB-F62D6E176D07}\files\pages\en\low\SportTekShirts_4_{5E684D04-9274-4425-981D-B3CFDF1FDE5F}_en.swf</src>
        </img>
      </page>
      <page stiffskew="1">
        <img width="1236" height="1600" position="center middle" alpha="1" rotation="0" caption="" event="0" mask="" filetype="1" id="" ytparam="autoplay=0&amp;loop=0">
          <action actionid="0" gui="" widthpop="400" heightpop="300" galxml="">
            <wincontents>
              <![CDATA[]]>
            </wincontents>
          </action>
          <effmenter Param1="" Param2=""/>
          <effenter value="" funname="" delay="0" loop="0" rollback="false" loopdelay="0" speed="0" stagger="0"/>
          <effleave value="" funname="" delay="0" loop="0" rollback="false" loopdelay="0" speed="0" stagger="0"/>
          <src lang="en">C:\Users\LakeM\AppData\Local\Temp\flipbook_{14CD5E5B-5066-49D5-B3CB-F62D6E176D07}\files\pages\en\low\SportTekShirts_5_{5E684D04-9274-4425-981D-B3CFDF1FDE5F}_en.swf</src>
        </img>
      </page>
      <page stiffskew="1">
        <img width="1236" height="1600" position="center middle" alpha="1" rotation="0" caption="" event="0" mask="" filetype="1" id="" ytparam="autoplay=0&amp;loop=0">
          <action actionid="0" gui="" widthpop="400" heightpop="300" galxml="">
            <wincontents>
              <![CDATA[]]>
            </wincontents>
          </action>
          <effmenter Param1="" Param2=""/>
          <effenter value="" funname="" delay="0" loop="0" rollback="false" loopdelay="0" speed="0" stagger="0"/>
          <effleave value="" funname="" delay="0" loop="0" rollback="false" loopdelay="0" speed="0" stagger="0"/>
          <src lang="en">C:\Users\LakeM\AppData\Local\Temp\flipbook_{14CD5E5B-5066-49D5-B3CB-F62D6E176D07}\files\pages\en\low\SportTekShirts_6_{5E684D04-9274-4425-981D-B3CFDF1FDE5F}_en.swf</src>
        </img>
      </page>
      <page stiffskew="1">
        <img width="1236" height="1600" position="center middle" alpha="1" rotation="0" caption="" event="0" mask="" filetype="1" id="" ytparam="autoplay=0&amp;loop=0">
          <action actionid="0" gui="" widthpop="400" heightpop="300" galxml="">
            <wincontents>
              <![CDATA[]]>
            </wincontents>
          </action>
          <effmenter Param1="" Param2=""/>
          <effenter value="" funname="" delay="0" loop="0" rollback="false" loopdelay="0" speed="0" stagger="0"/>
          <effleave value="" funname="" delay="0" loop="0" rollback="false" loopdelay="0" speed="0" stagger="0"/>
          <src lang="en">C:\Users\LakeM\AppData\Local\Temp\flipbook_{14CD5E5B-5066-49D5-B3CB-F62D6E176D07}\files\pages\en\low\SportTekShirts_7_{5E684D04-9274-4425-981D-B3CFDF1FDE5F}_en.swf</src>
        </img>
      </page>
      <page stiffskew="1">
        <img width="1236" height="1600" position="center middle" alpha="1" rotation="0" caption="" event="0" mask="" filetype="1" id="" ytparam="autoplay=0&amp;loop=0">
          <action actionid="0" gui="" widthpop="400" heightpop="300" galxml="">
            <wincontents>
              <![CDATA[]]>
            </wincontents>
          </action>
          <effmenter Param1="" Param2=""/>
          <effenter value="" funname="" delay="0" loop="0" rollback="false" loopdelay="0" speed="0" stagger="0"/>
          <effleave value="" funname="" delay="0" loop="0" rollback="false" loopdelay="0" speed="0" stagger="0"/>
          <src lang="en">C:\Users\LakeM\AppData\Local\Temp\flipbook_{14CD5E5B-5066-49D5-B3CB-F62D6E176D07}\files\pages\en\low\SportTekShirts_8_{5E684D04-9274-4425-981D-B3CFDF1FDE5F}_en.swf</src>
        </img>
      </page>
      <page stiffskew="1">
        <img width="1236" height="1600" position="center middle" alpha="1" rotation="0" caption="" event="0" mask="" filetype="1" id="" ytparam="autoplay=0&amp;loop=0">
          <action actionid="0" gui="" widthpop="400" heightpop="300" galxml="">
            <wincontents>
              <![CDATA[]]>
            </wincontents>
          </action>
          <effmenter Param1="" Param2=""/>
          <effenter value="" funname="" delay="0" loop="0" rollback="false" loopdelay="0" speed="0" stagger="0"/>
          <effleave value="" funname="" delay="0" loop="0" rollback="false" loopdelay="0" speed="0" stagger="0"/>
          <src lang="en">C:\Users\LakeM\AppData\Local\Temp\flipbook_{14CD5E5B-5066-49D5-B3CB-F62D6E176D07}\files\pages\en\low\SportTekShirts_9_{5E684D04-9274-4425-981D-B3CFDF1FDE5F}_en.swf</src>
        </img>
      </page>
      <page stiffskew="1">
        <img width="1236" height="1600" position="center middle" alpha="1" rotation="0" caption="" event="0" mask="" filetype="1" id="" ytparam="autoplay=0&amp;loop=0">
          <action actionid="0" gui="" widthpop="400" heightpop="300" galxml="">
            <wincontents>
              <![CDATA[]]>
            </wincontents>
          </action>
          <effmenter Param1="" Param2=""/>
          <effenter value="" funname="" delay="0" loop="0" rollback="false" loopdelay="0" speed="0" stagger="0"/>
          <effleave value="" funname="" delay="0" loop="0" rollback="false" loopdelay="0" speed="0" stagger="0"/>
          <src lang="en">C:\Users\LakeM\AppData\Local\Temp\flipbook_{14CD5E5B-5066-49D5-B3CB-F62D6E176D07}\files\pages\en\low\SportTekShirts_10_{5E684D04-9274-4425-981D-B3CFDF1FDE5F}_en.swf</src>
        </img>
      </page>
      <page stiffskew="1">
        <img width="1236" height="1600" position="center middle" alpha="1" rotation="0" caption="" event="0" mask="" filetype="1" id="" ytparam="autoplay=0&amp;loop=0">
          <action actionid="0" gui="" widthpop="400" heightpop="300" galxml="">
            <wincontents>
              <![CDATA[]]>
            </wincontents>
          </action>
          <effmenter Param1="" Param2=""/>
          <effenter value="" funname="" delay="0" loop="0" rollback="false" loopdelay="0" speed="0" stagger="0"/>
          <effleave value="" funname="" delay="0" loop="0" rollback="false" loopdelay="0" speed="0" stagger="0"/>
          <src lang="en">C:\Users\LakeM\AppData\Local\Temp\flipbook_{14CD5E5B-5066-49D5-B3CB-F62D6E176D07}\files\pages\en\low\SportTekShirts_11_{5E684D04-9274-4425-981D-B3CFDF1FDE5F}_en.swf</src>
        </img>
      </page>
      <page stiffskew="1">
        <img width="1236" height="1600" position="center middle" alpha="1" rotation="0" caption="" event="0" mask="" filetype="1" id="" ytparam="autoplay=0&amp;loop=0">
          <action actionid="0" gui="" widthpop="400" heightpop="300" galxml="">
            <wincontents>
              <![CDATA[]]>
            </wincontents>
          </action>
          <effmenter Param1="" Param2=""/>
          <effenter value="" funname="" delay="0" loop="0" rollback="false" loopdelay="0" speed="0" stagger="0"/>
          <effleave value="" funname="" delay="0" loop="0" rollback="false" loopdelay="0" speed="0" stagger="0"/>
          <src lang="en">C:\Users\LakeM\AppData\Local\Temp\flipbook_{14CD5E5B-5066-49D5-B3CB-F62D6E176D07}\files\pages\en\low\SportTekShirts_12_{5E684D04-9274-4425-981D-B3CFDF1FDE5F}_en.swf</src>
        </img>
      </page>
      <page stiffskew="1">
        <img width="1236" height="1600" position="center middle" alpha="1" rotation="0" caption="" event="0" mask="" filetype="1" id="" ytparam="autoplay=0&amp;loop=0">
          <action actionid="0" gui="" widthpop="400" heightpop="300" galxml="">
            <wincontents>
              <![CDATA[]]>
            </wincontents>
          </action>
          <effmenter Param1="" Param2=""/>
          <effenter value="" funname="" delay="0" loop="0" rollback="false" loopdelay="0" speed="0" stagger="0"/>
          <effleave value="" funname="" delay="0" loop="0" rollback="false" loopdelay="0" speed="0" stagger="0"/>
          <src lang="en">C:\Users\LakeM\AppData\Local\Temp\flipbook_{14CD5E5B-5066-49D5-B3CB-F62D6E176D07}\files\pages\en\low\SportTekShirts_13_{5E684D04-9274-4425-981D-B3CFDF1FDE5F}_en.swf</src>
        </img>
      </page>
      <page stiffskew="1">
        <img width="1236" height="1600" position="center middle" alpha="1" rotation="0" caption="" event="0" mask="" filetype="1" id="" ytparam="autoplay=0&amp;loop=0">
          <action actionid="0" gui="" widthpop="400" heightpop="300" galxml="">
            <wincontents>
              <![CDATA[]]>
            </wincontents>
          </action>
          <effmenter Param1="" Param2=""/>
          <effenter value="" funname="" delay="0" loop="0" rollback="false" loopdelay="0" speed="0" stagger="0"/>
          <effleave value="" funname="" delay="0" loop="0" rollback="false" loopdelay="0" speed="0" stagger="0"/>
          <src lang="en">C:\Users\LakeM\AppData\Local\Temp\flipbook_{14CD5E5B-5066-49D5-B3CB-F62D6E176D07}\files\pages\en\low\SportTekShirts_14_{5E684D04-9274-4425-981D-B3CFDF1FDE5F}_en.swf</src>
        </img>
      </page>
    </chapter>
    <chapter pagewidth="1236" pageheight="1600">
      <page stiff="true" stiffskew="1">
        <img width="1236" height="1600" position="center middle" alpha="1" rotation="0" caption="" event="0" mask="" filetype="1" id="" ytparam="autoplay=0&amp;loop=0">
          <action actionid="0" gui="" widthpop="400" heightpop="300" galxml="">
            <wincontents>
              <![CDATA[]]>
            </wincontents>
          </action>
          <effmenter Param1="" Param2=""/>
          <effenter value="" funname="" delay="0" loop="0" rollback="false" loopdelay="0" speed="0" stagger="0"/>
          <effleave value="" funname="" delay="0" loop="0" rollback="false" loopdelay="0" speed="0" stagger="0"/>
          <src lang="en">C:\Users\LakeM\AppData\Local\Temp\flipbook_{14CD5E5B-5066-49D5-B3CB-F62D6E176D07}\files\pages\en\low\SportTekShirts_15_{5E684D04-9274-4425-981D-B3CFDF1FDE5F}_en.swf</src>
        </img>
      </page>
      <page stiff="true" stiffskew="1">
        <img width="1236" height="1600" position="center middle" alpha="1" rotation="0" caption="" event="0" mask="" filetype="1" id="" ytparam="autoplay=0&amp;loop=0">
          <action actionid="0" gui="" widthpop="400" heightpop="300" galxml="">
            <wincontents>
              <![CDATA[]]>
            </wincontents>
          </action>
          <effmenter Param1="" Param2=""/>
          <effenter value="" funname="" delay="0" loop="0" rollback="false" loopdelay="0" speed="0" stagger="0"/>
          <effleave value="" funname="" delay="0" loop="0" rollback="false" loopdelay="0" speed="0" stagger="0"/>
          <src lang="en">C:\Users\LakeM\AppData\Local\Temp\flipbook_{14CD5E5B-5066-49D5-B3CB-F62D6E176D07}\files\pages\en\low\SportTekShirts_16_{5E684D04-9274-4425-981D-B3CFDF1FDE5F}_en.swf</src>
        </img>
      </page>
    </chapter>
  </book>
  <MyFont Name="Verdana" Color="16777215" Size="12" Style="1" Text="Sport Tek Shirts" Url=""/>
  <Backgd UseBackImg="true" BackColor1="0" BackColor2="10066329" ColorStyle="radial" ImagePath="files/elements/bg.png" ImageStyle="Tile" TransParent="0" AType="0"/>
  <Logo Name="" Color="0" Size="0" Style="0" Text="" Url="" UseLogo="false" UseImage="false" ImagePath="" ImageTrans="0" BackColor="0" Width="100" Height="100" Target="_blank"/>
  <FontObj Name="" Color="0" Size="0" Style="0"/>
  <Bookmarks/>
  <Playlist skin="" miniskin="" startmini="false" onlywhenactive="false" playmode="1" loopmode="1"/>
  <BookCase/>
</flipbookmaker>
