<?xml version="1.0" encoding="UTF-8"?>
<Tbuttoncfgs version="4.1.0">
  <buttoncfg name="btn_first" visible="true"/>
  <buttoncfg name="btn_last" visible="true"/>
  <buttoncfg name="btn_next" visible="true"/>
  <buttoncfg name="btn_pause" visible="true"/>
  <buttoncfg name="btn_play" visible="true"/>
  <buttoncfg name="btn_previous" visible="true"/>
  <buttoncfg name="btn_bookmarks" visible="false"/>
  <buttoncfg name="btn_draw" visible="false"/>
  <buttoncfg name="btn_download" visible="true"/>
  <buttoncfg name="btn_exit" visible="true"/>
  <buttoncfg name="btn_fullscreen" visible="true"/>
  <buttoncfg name="btn_about" visible="false"/>
  <buttoncfg name="btn_mute" visible="false"/>
  <buttoncfg name="btn_print" visible="true"/>
  <buttoncfg name="btn_search" visible="true"/>
  <buttoncfg name="btn_share" visible="true"/>
  <buttoncfg name="btn_textselect" visible="false"/>
  <buttoncfg name="btn_thumbnails" visible="false"/>
  <buttoncfg name="btn_toc" visible="false"/>
  <buttoncfg name="btn_zoomin" visible="true"/>
  <buttoncfg name="btn_zoomout" visible="true"/>
  <buttoncfg name="btn_lang" visible="false"/>
  <buttoncfg name="slider" visible="true"/>
  <buttoncfg name="zoomslider" visible="true"/>
  <buttoncfg name="goto_page" visible="false"/>
  <buttoncfg name="btn_bookcase" visible="false"/>
</Tbuttoncfgs>
