<?xml version="1.0" encoding="UTF-8"?>
<layout version="4.1.0" name="tech" category="float">
  <megazine>
    <title color="16777215" font="Verdana" size="12" bold="true" underline="false" italic="false" url=""/>
    <megazinebg background="image(files/elements/bg.png)" backgroundrepeat="true" alpha="0"/>
  </megazine>
  <navigation>
    <title color="16777215" font="Verdana" size="12" bold="true" underline="false" italic="false" url=""/>
    <navbottombar background="image(files/assets/skin/bar_bottom.png)" scale9grid="12,6,13,7"/>
    <navtopbar background="image(files/assets/skin/bar_top.png)" scale9grid="6,6,7,7"/>
    <navbutton width="0" height="0"/>
  </navigation>
  <thumbnails>
    <btn_up background="color(0x7F555B57)"/>
    <btn_down background="color(0x7F555B57)"/>
    <contents background="color(0x7F292B2A)"/>
    <content>
      <up background=""/>
      <toggle background="color(0x7FC2D1CA)"/>
    </content>
  </thumbnails>
  <toc>
    <contents background="color(0x7F292B2A)"/>
  </toc>
  <search>
    <btn_up background="color(0x7F555B57)"/>
    <btn_down background="color(0x7F555B57)"/>
    <contents background="color(0x7F292B2A)"/>
    <content>
      <up background="color(0x7FC2D1CA)"/>
      <over background="color(0xC2D1CA)"/>
      <down background="color(0xC2D1CA)"/>
    </content>
  </search>
  <bookmarks>
    <btn_up background="color(0x7F555B57)"/>
    <btn_down background="color(0x7F555B57)"/>
    <contents background="color(0x7F292B2A)"/>
    <content>
      <up background="color(0x7FC2D1CA)"/>
      <over background="color(0xC2D1CA)"/>
      <down background="color(0xC2D1CA)"/>
    </content>
  </bookmarks>
  <bookcase>
    <btn_up background="color(0x7F555B57)"/>
    <btn_down background="color(0x7F555B57)"/>
    <contents background="color(0x7F292B2A)"/>
    <content>
      <up background="color(0x7FC2D1CA)"/>
      <over background="color(0xC2D1CA)"/>
      <down background="color(0xC2D1CA)"/>
    </content>
  </bookcase>
  <anchorsinfo>
    <mzanchors normal="60,80,pw-60,ph-88" left="5+20+320,80,pw-50-20,ph-88" leftmini="225,80,pw-50,ph-88" bottom="60,80,pw-60,ph-95-180"/>
  </anchorsinfo>
  <floatanchors>
    <magazine normal="" left="" leftmini=""/>
    <innerbg normal="50,70,pw-50,ph-75" left="5+320,70,pw-50,ph-75" leftmini="205,70,pw-50,ph-75"/>
    <topbar normal="50,30,pw-50,65" left="5+320,30,pw-50,65" leftmini="205,30,pw-50,65"/>
    <bottombar normal="50,ph-44-25,pw-50,ph-25" left="50,ph-44-25,pw-50,ph-25" leftmini="50,ph-44-25,pw-50,ph-25"/>
  </floatanchors>
  <brand alpha="1" background="image()" anchors="pw-20-w, ph-20-h, pw-20, ph-20" url="" target="_blank" width="100" height="100"/>
</layout>
