<?xml version="1.0" encoding="UTF-8"?>
<book version="4.1.0" title="Sport Tek Shirts" plugins="navigationbar, keyboardnavigation, links, password, pdflinks, anchors, index, titles, search, gestures, draw, tuio, slideshow,javascript,swfaddress,print,thumbnails,bookmarks,select,musicplayers, toc, share, about, bookcase" pagewidth="1236" pageheight="1600" searchindex="files/search_index/en.txt" stiffskew="1" guipath="files/gui/" asulextension="xml" lang="en,jp,fr,de,ar" langpath="files/langs/" flagpath="files/flags/" pluginpath="files/plugins/" priorities="vid(20); snd(15); area(5); nav(5); txt(5); gal(30)" reflectionalpha="0" sndpath="files/snd/" password="" pwstart="0" zoommaxscale="2" zoomminscale="0.25" zoomsnap="1,3,5" slidestart="false" slidedelay="3" sliderepeat="false" toc="files/data/toc.xml" bookcase="files/data/bookcase.xml" download="" minimode="false" miniwidth="400" miniheight="540" layout="files/data/layout.xml" buttoncfg="files/data/buttoncfg.xml" about="files/data/about.xml" abc="cidg">
  <background>
    <box name="" anchors="0,0,ph,pw"/>
  </background>
  <bookmarks/>
  <chapter pagewidth="1236" pageheight="1600">
    <page stiff="true" stiffskew="1">
      <img width="1236" height="1600" position="center middle" alpha="1" rotation="0" caption="" event="0" mask="" filetype="1" id="" ytparam="autoplay=0&amp;loop=0">
        <action actionid="0" gui="" widthpop="400" heightpop="300" galxml="">
          <wincontents>
            <![CDATA[]]>
          </wincontents>
        </action>
        <effmenter Param1="" Param2=""/>
        <effenter value="" funname="" delay="0" loop="0" rollback="false" loopdelay="0" speed="0" stagger="0"/>
        <effleave value="" funname="" delay="0" loop="0" rollback="false" loopdelay="0" speed="0" stagger="0"/>
        <src lang="en">files/pages/en/low/page1.swf</src>
      </img>
    </page>
    <page stiff="true" stiffskew="1">
      <img width="1236" height="1600" position="center middle" alpha="1" rotation="0" caption="" event="0" mask="" filetype="1" id="" ytparam="autoplay=0&amp;loop=0">
        <action actionid="0" gui="" widthpop="400" heightpop="300" galxml="">
          <wincontents>
            <![CDATA[]]>
          </wincontents>
        </action>
        <effmenter Param1="" Param2=""/>
        <effenter value="" funname="" delay="0" loop="0" rollback="false" loopdelay="0" speed="0" stagger="0"/>
        <effleave value="" funname="" delay="0" loop="0" rollback="false" loopdelay="0" speed="0" stagger="0"/>
        <src lang="en">files/pages/en/low/page2.swf</src>
      </img>
    </page>
  </chapter>
  <chapter pagewidth="1236" pageheight="1600">
    <page stiffskew="1">
      <img width="1236" height="1600" position="center middle" alpha="1" rotation="0" caption="" event="0" mask="" filetype="1" id="" ytparam="autoplay=0&amp;loop=0">
        <action actionid="0" gui="" widthpop="400" heightpop="300" galxml="">
          <wincontents>
            <![CDATA[]]>
          </wincontents>
        </action>
        <effmenter Param1="" Param2=""/>
        <effenter value="" funname="" delay="0" loop="0" rollback="false" loopdelay="0" speed="0" stagger="0"/>
        <effleave value="" funname="" delay="0" loop="0" rollback="false" loopdelay="0" speed="0" stagger="0"/>
        <src lang="en">files/pages/en/low/page3.swf</src>
      </img>
    </page>
    <page stiffskew="1">
      <img width="1236" height="1600" position="center middle" alpha="1" rotation="0" caption="" event="0" mask="" filetype="1" id="" ytparam="autoplay=0&amp;loop=0">
        <action actionid="0" gui="" widthpop="400" heightpop="300" galxml="">
          <wincontents>
            <![CDATA[]]>
          </wincontents>
        </action>
        <effmenter Param1="" Param2=""/>
        <effenter value="" funname="" delay="0" loop="0" rollback="false" loopdelay="0" speed="0" stagger="0"/>
        <effleave value="" funname="" delay="0" loop="0" rollback="false" loopdelay="0" speed="0" stagger="0"/>
        <src lang="en">files/pages/en/low/page4.swf</src>
      </img>
    </page>
    <page stiffskew="1">
      <img width="1236" height="1600" position="center middle" alpha="1" rotation="0" caption="" event="0" mask="" filetype="1" id="" ytparam="autoplay=0&amp;loop=0">
        <action actionid="0" gui="" widthpop="400" heightpop="300" galxml="">
          <wincontents>
            <![CDATA[]]>
          </wincontents>
        </action>
        <effmenter Param1="" Param2=""/>
        <effenter value="" funname="" delay="0" loop="0" rollback="false" loopdelay="0" speed="0" stagger="0"/>
        <effleave value="" funname="" delay="0" loop="0" rollback="false" loopdelay="0" speed="0" stagger="0"/>
        <src lang="en">files/pages/en/low/page5.swf</src>
      </img>
    </page>
    <page stiffskew="1">
      <img width="1236" height="1600" position="center middle" alpha="1" rotation="0" caption="" event="0" mask="" filetype="1" id="" ytparam="autoplay=0&amp;loop=0">
        <action actionid="0" gui="" widthpop="400" heightpop="300" galxml="">
          <wincontents>
            <![CDATA[]]>
          </wincontents>
        </action>
        <effmenter Param1="" Param2=""/>
        <effenter value="" funname="" delay="0" loop="0" rollback="false" loopdelay="0" speed="0" stagger="0"/>
        <effleave value="" funname="" delay="0" loop="0" rollback="false" loopdelay="0" speed="0" stagger="0"/>
        <src lang="en">files/pages/en/low/page6.swf</src>
      </img>
    </page>
    <page stiffskew="1">
      <img width="1236" height="1600" position="center middle" alpha="1" rotation="0" caption="" event="0" mask="" filetype="1" id="" ytparam="autoplay=0&amp;loop=0">
        <action actionid="0" gui="" widthpop="400" heightpop="300" galxml="">
          <wincontents>
            <![CDATA[]]>
          </wincontents>
        </action>
        <effmenter Param1="" Param2=""/>
        <effenter value="" funname="" delay="0" loop="0" rollback="false" loopdelay="0" speed="0" stagger="0"/>
        <effleave value="" funname="" delay="0" loop="0" rollback="false" loopdelay="0" speed="0" stagger="0"/>
        <src lang="en">files/pages/en/low/page7.swf</src>
      </img>
    </page>
    <page stiffskew="1">
      <img width="1236" height="1600" position="center middle" alpha="1" rotation="0" caption="" event="0" mask="" filetype="1" id="" ytparam="autoplay=0&amp;loop=0">
        <action actionid="0" gui="" widthpop="400" heightpop="300" galxml="">
          <wincontents>
            <![CDATA[]]>
          </wincontents>
        </action>
        <effmenter Param1="" Param2=""/>
        <effenter value="" funname="" delay="0" loop="0" rollback="false" loopdelay="0" speed="0" stagger="0"/>
        <effleave value="" funname="" delay="0" loop="0" rollback="false" loopdelay="0" speed="0" stagger="0"/>
        <src lang="en">files/pages/en/low/page8.swf</src>
      </img>
    </page>
    <page stiffskew="1">
      <img width="1236" height="1600" position="center middle" alpha="1" rotation="0" caption="" event="0" mask="" filetype="1" id="" ytparam="autoplay=0&amp;loop=0">
        <action actionid="0" gui="" widthpop="400" heightpop="300" galxml="">
          <wincontents>
            <![CDATA[]]>
          </wincontents>
        </action>
        <effmenter Param1="" Param2=""/>
        <effenter value="" funname="" delay="0" loop="0" rollback="false" loopdelay="0" speed="0" stagger="0"/>
        <effleave value="" funname="" delay="0" loop="0" rollback="false" loopdelay="0" speed="0" stagger="0"/>
        <src lang="en">files/pages/en/low/page9.swf</src>
      </img>
    </page>
    <page stiffskew="1">
      <img width="1236" height="1600" position="center middle" alpha="1" rotation="0" caption="" event="0" mask="" filetype="1" id="" ytparam="autoplay=0&amp;loop=0">
        <action actionid="0" gui="" widthpop="400" heightpop="300" galxml="">
          <wincontents>
            <![CDATA[]]>
          </wincontents>
        </action>
        <effmenter Param1="" Param2=""/>
        <effenter value="" funname="" delay="0" loop="0" rollback="false" loopdelay="0" speed="0" stagger="0"/>
        <effleave value="" funname="" delay="0" loop="0" rollback="false" loopdelay="0" speed="0" stagger="0"/>
        <src lang="en">files/pages/en/low/page10.swf</src>
      </img>
    </page>
    <page stiffskew="1">
      <img width="1236" height="1600" position="center middle" alpha="1" rotation="0" caption="" event="0" mask="" filetype="1" id="" ytparam="autoplay=0&amp;loop=0">
        <action actionid="0" gui="" widthpop="400" heightpop="300" galxml="">
          <wincontents>
            <![CDATA[]]>
          </wincontents>
        </action>
        <effmenter Param1="" Param2=""/>
        <effenter value="" funname="" delay="0" loop="0" rollback="false" loopdelay="0" speed="0" stagger="0"/>
        <effleave value="" funname="" delay="0" loop="0" rollback="false" loopdelay="0" speed="0" stagger="0"/>
        <src lang="en">files/pages/en/low/page11.swf</src>
      </img>
    </page>
    <page stiffskew="1">
      <img width="1236" height="1600" position="center middle" alpha="1" rotation="0" caption="" event="0" mask="" filetype="1" id="" ytparam="autoplay=0&amp;loop=0">
        <action actionid="0" gui="" widthpop="400" heightpop="300" galxml="">
          <wincontents>
            <![CDATA[]]>
          </wincontents>
        </action>
        <effmenter Param1="" Param2=""/>
        <effenter value="" funname="" delay="0" loop="0" rollback="false" loopdelay="0" speed="0" stagger="0"/>
        <effleave value="" funname="" delay="0" loop="0" rollback="false" loopdelay="0" speed="0" stagger="0"/>
        <src lang="en">files/pages/en/low/page12.swf</src>
      </img>
    </page>
    <page stiffskew="1">
      <img width="1236" height="1600" position="center middle" alpha="1" rotation="0" caption="" event="0" mask="" filetype="1" id="" ytparam="autoplay=0&amp;loop=0">
        <action actionid="0" gui="" widthpop="400" heightpop="300" galxml="">
          <wincontents>
            <![CDATA[]]>
          </wincontents>
        </action>
        <effmenter Param1="" Param2=""/>
        <effenter value="" funname="" delay="0" loop="0" rollback="false" loopdelay="0" speed="0" stagger="0"/>
        <effleave value="" funname="" delay="0" loop="0" rollback="false" loopdelay="0" speed="0" stagger="0"/>
        <src lang="en">files/pages/en/low/page13.swf</src>
      </img>
    </page>
    <page stiffskew="1">
      <img width="1236" height="1600" position="center middle" alpha="1" rotation="0" caption="" event="0" mask="" filetype="1" id="" ytparam="autoplay=0&amp;loop=0">
        <action actionid="0" gui="" widthpop="400" heightpop="300" galxml="">
          <wincontents>
            <![CDATA[]]>
          </wincontents>
        </action>
        <effmenter Param1="" Param2=""/>
        <effenter value="" funname="" delay="0" loop="0" rollback="false" loopdelay="0" speed="0" stagger="0"/>
        <effleave value="" funname="" delay="0" loop="0" rollback="false" loopdelay="0" speed="0" stagger="0"/>
        <src lang="en">files/pages/en/low/page14.swf</src>
      </img>
    </page>
  </chapter>
  <chapter pagewidth="1236" pageheight="1600">
    <page stiff="true" stiffskew="1">
      <img width="1236" height="1600" position="center middle" alpha="1" rotation="0" caption="" event="0" mask="" filetype="1" id="" ytparam="autoplay=0&amp;loop=0">
        <action actionid="0" gui="" widthpop="400" heightpop="300" galxml="">
          <wincontents>
            <![CDATA[]]>
          </wincontents>
        </action>
        <effmenter Param1="" Param2=""/>
        <effenter value="" funname="" delay="0" loop="0" rollback="false" loopdelay="0" speed="0" stagger="0"/>
        <effleave value="" funname="" delay="0" loop="0" rollback="false" loopdelay="0" speed="0" stagger="0"/>
        <src lang="en">files/pages/en/low/page15.swf</src>
      </img>
    </page>
    <page stiff="true" stiffskew="1">
      <img width="1236" height="1600" position="center middle" alpha="1" rotation="0" caption="" event="0" mask="" filetype="1" id="" ytparam="autoplay=0&amp;loop=0">
        <action actionid="0" gui="" widthpop="400" heightpop="300" galxml="">
          <wincontents>
            <![CDATA[]]>
          </wincontents>
        </action>
        <effmenter Param1="" Param2=""/>
        <effenter value="" funname="" delay="0" loop="0" rollback="false" loopdelay="0" speed="0" stagger="0"/>
        <effleave value="" funname="" delay="0" loop="0" rollback="false" loopdelay="0" speed="0" stagger="0"/>
        <src lang="en">files/pages/en/low/page16.swf</src>
      </img>
    </page>
  </chapter>
</book>
